{
  "vCM1.0": {
    "n_cells": 66464,
    "mean_auc": 0.6939384281516897
  },
  "vCM2": {
    "n_cells": 23115,
    "mean_auc": 0.7321172224881961
  },
  "vCM3.0": {
    "n_cells": 21084,
    "mean_auc": 0.7754310143951106
  },
  "vCM1.1": {
    "n_cells": 15707,
    "mean_auc": 0.6783668165820703
  },
  "vCM1.2": {
    "n_cells": 14263,
    "mean_auc": 0.6362362538987006
  },
  "vCM1.3": {
    "n_cells": 13389,
    "mean_auc": 0.6796963599581792
  },
  "vCM4": {
    "n_cells": 6038,
    "mean_auc": 0.6685883267806355
  },
  "vCM3.1": {
    "n_cells": 4152,
    "mean_auc": 0.612703221407227
  },
  "vCM5": {
    "n_cells": 2307,
    "mean_auc": 0.6066916746470817
  }
}