{
  "raw_genes_seurat_v3_RF": [
    0.68105962888692,
    0.6495038437837419,
    0.9133585577485832,
    0.6818456127468122,
    0.8909174619365287
  ],
  "raw_genes_seurat_v3_XGB": [
    0.7809033888665038,
    0.6784879019635336,
    0.8566374302650245,
    0.6645028184685678,
    0.8423458610014082
  ],
  "scvi_latent_own_RF": [
    0.6877754825615571,
    0.6389980814149286,
    0.7654604850746208,
    0.7140517305017444,
    0.8242983719129376
  ],
  "scvi_latent_own_XGB": [
    0.752546562726667,
    0.634851118263418,
    0.741598937703198,
    0.6760115950072416,
    0.8138444402891006
  ]
}