permutation,shuffled_auc
0,0.5107266670742414
1,0.37481903992440097
2,0.48728826270526626
3,0.5123694113856907
4,0.39704471421995696
5,0.6448278814263425
6,0.4071780037165739
7,0.46228940622960907
8,0.6418321361949455
9,0.5396089086301259
10,0.3912176732606702
11,0.43571831866250027
12,0.5019817235236903
13,0.4145507380594192
14,0.6097547865429364
15,0.4837619664545267
16,0.5297377743323959
17,0.6610685349164649
18,0.46715749200170836
19,0.4507708969324448
