fold,auc
1,0.9448443459097909
2,0.9428223592709128
3,0.9927060399754539
4,0.9673267234549834
5,0.9862508701577762
